{
  "page_num": 1,
  "image_width": 320,
  "image_height": 320,
  "created_at": "2026-02-21T05:04:56.113014+00:00",
  "blocks": [
    {
      "block_id": "20260221_8e596cf9-4e1a-4e19-bd2b-91a33fbebe0e_1_block_000",
      "coordinates": {
        "x1": 0.0,
        "y1": 5.0,
        "x2": 320.0,
        "y2": 320.0
      },
      "layout_tag": "paragraph",
      "confidence": 0.2512529790401459,
      "reading_order": 1,
      "text": "પ્રશ્ન ઊભો થતો કે માણસ\nનનો આપણું આયોજન નિ\nસમાધાન ત્યારે થયું કે જ્યારે\nવા પ્લાનિંગની આવડત અ\nબાપી છે. તથા પ્લાનિંગ મુ\nમન પાસે જ છે. એટલે કે"
    }
  ]
}